<?xml version="1.0" encoding="utf-8"?>
<modification>
    <name>Custom HTML Module</name>
    <code>custom_html</code>
    <version>1.0.0</version>
    <author>Utility Libraries</author>
    <link>https://github.com/utility-libraries-star/opencart-html</link>

    <!-- OpenCart 3 -->
    <file path="admin/view/template/setting/setting.twig">
        <operation>
            <search><![CDATA[<li><a href="#tab-server" data-toggle="tab">{{ tab_server }}</a></li>]]></search>
            <add position="after"><![CDATA[<li><a href="#tab-custom-html" data-toggle="tab">Custom HTML</a></li>]]></add>
        </operation>
        <operation>
            <search><![CDATA[<div class="tab-content">]]></search>
            <add position="after"><![CDATA[<div id="tab-custom-html" class="tab-pane"><div class="form-group"><label class="col-sm-2 control-label" for="input-html">{{ entry_html }}</label><div class="col-sm-10"><textarea name="custom_html_html" rows="5" placeholder="{{ entry_html }}" id="input-html" class="form-control">{{ custom_html_html }}</textarea></div></div><div class="form-group"><label class="col-sm-2 control-label">{{ entry_page }}</label><div style="position: relative"><div class="col-sm-10" id="selected-pages-container"><input type="text" id="selected-pages" class="form-control" readonly><input type="hidden" name="custom_html_pages" id="custom_html_pages" value="{{ custom_html_pages }}"></div><div id="pages-popup" class="col-sm-10" style="display:none; position:absolute; top:50px; right:0; max-height: 500px; overflow: auto; background:#fff; padding:20px; border:1px solid #ddd; box-shadow:0 0 10px rgba(0,0,0,0.2); z-index:9999;"><div><input type="checkbox" id="all-pages" value="All" style="margin-right: 8px"><label for="all-pages">{{ text_all_pages }}</label></div>{% for page in pages %}<div><input type="checkbox" class="page-checkbox" value="{{ page.name }}" id="page-{{ page.name }}" style="margin-right: 8px"><label for="page-{{ page.name }}">{{ page.name }}</label></div>{% endfor %}</div></div></div><div class="form-group"><label class="col-sm-2 control-label" for="input-position">{{ entry_position }}</label><div class="col-sm-10"><select name="custom_html_position" id="input-position" class="form-control"><option value="column_left" {{ custom_html_position == "column_left" ? "selected" : "" }}>{{ text_column_left }}</option><option value="column_right" {{ custom_html_position == "column_right" ? "selected" : "" }}>{{ text_column_right }}</option><option value="content_top" {{ custom_html_position == "content_top" ? "selected" : "" }}>{{ text_content_top }}</option><option value="content_bottom" {{ custom_html_position == "content_bottom" ? "selected" : "" }}>{{ text_content_bottom }}</option></select></div></div><button type="submit" form="form-custom-html" data-toggle="tooltip" title="{{ button_save }}" class="btn btn-primary"><i class="fa fa-save"></i></button></div><script>document.addEventListener('DOMContentLoaded', () => {const selectPageInput = document.querySelector('#selected-pages');const popup = document.querySelector('#pages-popup');const currentSelectPageInput = document.querySelector('#custom_html_pages');const pageInputs = popup.querySelectorAll('input');const pages = {};const initializeSelectedPages = () => {const currentValues = currentSelectPageInput.value.split(',').map((v) => v.trim());currentValues.forEach((value) => {if (value) {pages[value] = true;if (value === 'All') {pageInputs.forEach((input) => {if (input.value !== 'All') {input.disabled = true;}});}const input = popup.querySelector(`input[value="${value}"]`);if (input) {input.checked = true;}}});updateSelectInputValue();};const updateSelectInputValue = () => {const selectedPages = Object.keys(pages).filter((page) => pages[page]);const selectedText = selectedPages.join(', ');selectPageInput.value = selectedText;currentSelectPageInput.value = selectedText;};const togglePopupVisibility = () => {popup.style.display = popup.style.display === 'block' ? 'none' : 'block';};const handleCheckboxChange = (e) => {const {value, checked} = e.target;if (value === 'All') {pageInputs.forEach((input) => {if (input.value !== 'All') {input.checked = false;input.disabled = checked;pages[input.value] = false;}});} else if (pages['All'] && !checked) {popup.querySelector('input[value="All"]').checked = false;pages['All'] = false;}pages[value] = checked;updateSelectInputValue();};const handleDocumentClick = (e) => {const isHidePopup = !e.target.closest('#pages-popup') && !e.target.closest('#selected-pages-container');if (isHidePopup) {popup.style.display = 'none';}};initializeSelectedPages();selectPageInput.addEventListener('click', togglePopupVisibility);pageInputs.forEach((input) => input.addEventListener('change', handleCheckboxChange));document.body.addEventListener('click', handleDocumentClick);});</script>]]></add>
        </operation>
    </file>

    <!-- OpenCart 3 -->
    <file path="admin/model/setting/setting.php">
        <operation>
            <search><![CDATA[class ModelSettingSetting extends Model {]]></search>
            <add position="after"><![CDATA[public function getPages() {$query = $this->db->query("SELECT name FROM " . DB_PREFIX . "layout");return $query->rows;}]]></add>
        </operation>
    </file>

    <!-- OpenCart 3-->
    <file path="admin/controller/setting/setting.php">
        <operation>
            <search><![CDATA[$this->response->setOutput($this->load->view('setting/setting', $data));]]></search>
            <add position="before"><![CDATA[$this->load->model('setting/setting');$data['pages'] = $this->model_setting_setting->getPages();$data['custom_html_html'] = $this->config->get('custom_html_html');$data['custom_html_pages'] = $this->config->get('custom_html_pages');$data['custom_html_position'] = $this->config->get('custom_html_position');]]></add>
        </operation>
    </file>

    <!-- OpenCart 3-->
    <file path="admin/controller/setting/setting.php">
        <operation>
            <search><![CDATA[$this->model_setting_setting->editSetting('config', $this->request->post);]]></search>
            <add position="after"><![CDATA[$this->model_setting_setting->editSetting('custom_html', ['custom_html_html' => $this->request->post['custom_html_html'],'custom_html_pages' => $this->request->post['custom_html_pages'],'custom_html_position' => $this->request->post['custom_html_position']]);]]></add>
        </operation>
    </file>

    <!-- OpenCart 3 -->
    <file path="catalog/controller/common/column_left.php">
        <operation>
            <search><![CDATA[return $this->load->view('common/column_left', $data);]]></search>
            <add position="before"><![CDATA[$custom_html_html = $this->config->get('custom_html_html');$custom_html_pages_string = $this->config->get('custom_html_pages');if (!empty($custom_html_pages_string)) {$custom_html_pages_array = explode(',', $custom_html_pages_string);$custom_html_pages = is_array($custom_html_pages_array) && sizeof($custom_html_pages_array) > 0 ? $custom_html_pages_array : [$custom_html_pages_string];$custom_html_position = $this->config->get('custom_html_position');$current_route = isset($this->request->get['route']) ? $this->request->get['route'] : 'common/home';$normalize_select_pages = array_map(function ($page) {return strtolower(trim($page));}, $custom_html_pages);$normalize_current_route = strtolower(trim($current_route));$is_all_page = $normalize_select_pages[0] === 'all';$is_select_page = !$is_all_page && array_filter($normalize_select_pages, function ($page) use ($normalize_current_route) {return strpos($normalize_current_route, $page) !== false;});$is_adding_html = $is_all_page || $is_select_page;if ($custom_html_position === 'column_left' && $is_adding_html) {$data['modules'][] = html_entity_decode($custom_html_html, ENT_QUOTES, 'UTF-8');}}]]></add>
        </operation>
    </file>

    <!-- OpenCart 3 -->
    <file path="catalog/controller/common/column_right.php">
        <operation>
            <search><![CDATA[return $this->load->view('common/column_right', $data);]]></search>
            <add position="before"><![CDATA[$custom_html_html = $this->config->get('custom_html_html');$custom_html_pages_string = $this->config->get('custom_html_pages');if (!empty($custom_html_pages_string)) {$custom_html_pages_array = explode(',', $custom_html_pages_string);$custom_html_pages = is_array($custom_html_pages_array) && sizeof($custom_html_pages_array) > 0 ? $custom_html_pages_array : [$custom_html_pages_string];$custom_html_position = $this->config->get('custom_html_position');$current_route = isset($this->request->get['route']) ? $this->request->get['route'] : 'common/home';$normalize_select_pages = array_map(function ($page) {return strtolower(trim($page));}, $custom_html_pages);$normalize_current_route = strtolower(trim($current_route));$is_all_page = $normalize_select_pages[0] === 'all';$is_select_page = !$is_all_page && array_filter($normalize_select_pages, function ($page) use ($normalize_current_route) {return strpos($normalize_current_route, $page) !== false;});$is_adding_html = $is_all_page || $is_select_page;if ($custom_html_position === 'column_right' && $is_adding_html) {$data['modules'][] = html_entity_decode($custom_html_html, ENT_QUOTES, 'UTF-8');}}]]></add>
        </operation>
    </file>

    <!-- OpenCart 3 -->
    <file path="catalog/controller/common/content_top.php">
        <operation>
            <search><![CDATA[return $this->load->view('common/content_top', $data);]]></search>
            <add position="before"><![CDATA[$custom_html_html = $this->config->get('custom_html_html');$custom_html_pages_string = $this->config->get('custom_html_pages');if (!empty($custom_html_pages_string)) {$custom_html_pages_array = explode(',', $custom_html_pages_string);$custom_html_pages = is_array($custom_html_pages_array) && sizeof($custom_html_pages_array) > 0 ? $custom_html_pages_array : [$custom_html_pages_string];$custom_html_position = $this->config->get('custom_html_position');$current_route = isset($this->request->get['route']) ? $this->request->get['route'] : 'common/home';$normalize_select_pages = array_map(function ($page) {return strtolower(trim($page));}, $custom_html_pages);$normalize_current_route = strtolower(trim($current_route));$is_all_page = $normalize_select_pages[0] === 'all';$is_select_page = !$is_all_page && array_filter($normalize_select_pages, function ($page) use ($normalize_current_route) {return strpos($normalize_current_route, $page) !== false;});$is_adding_html = $is_all_page || $is_select_page;if ($custom_html_position === 'content_top' && $is_adding_html) {$data['modules'][] = html_entity_decode($custom_html_html, ENT_QUOTES, 'UTF-8');}}]]></add>
        </operation>
    </file>

    <!-- OpenCart 3 -->
    <file path="catalog/controller/common/content_bottom.php">
        <operation>
            <search><![CDATA[return $this->load->view('common/content_bottom', $data);]]></search>
            <add position="before"><![CDATA[$custom_html_html = $this->config->get('custom_html_html');$custom_html_pages_string = $this->config->get('custom_html_pages');if (!empty($custom_html_pages_string)) {$custom_html_pages_array = explode(',', $custom_html_pages_string);$custom_html_pages = is_array($custom_html_pages_array) && sizeof($custom_html_pages_array) > 0 ? $custom_html_pages_array : [$custom_html_pages_string];$custom_html_position = $this->config->get('custom_html_position');$current_route = isset($this->request->get['route']) ? $this->request->get['route'] : 'common/home';$normalize_select_pages = array_map(function ($page) {return strtolower(trim($page));}, $custom_html_pages);$normalize_current_route = strtolower(trim($current_route));$is_all_page = $normalize_select_pages[0] === 'all';$is_select_page = !$is_all_page && array_filter($normalize_select_pages, function ($page) use ($normalize_current_route) {return strpos($normalize_current_route, $page) !== false;});$is_adding_html = $is_all_page || $is_select_page;if ($custom_html_position === 'content_bottom' && $is_adding_html) {$data['modules'][] = html_entity_decode($custom_html_html, ENT_QUOTES, 'UTF-8');}}]]></add>
        </operation>
    </file>

    <!-- OpenCart 3 -->
    <file path="admin/language/en-gb/setting/setting.php">
        <operation>
            <search><![CDATA[$_['entry_status']]]></search>
            <add position="after"><![CDATA[$_['entry_html'] = 'Custom HTML';$_['entry_page'] = 'Select Page';$_['entry_position'] = 'Position';$_['text_all_pages'] = 'All Pages';$_['text_column_left'] = 'Column Left';$_['text_column_right'] = 'Column Right';$_['text_content_top'] = 'Content Top';$_['text_content_bottom'] = 'Content Bottom';$_['button_save'] = 'Save';]]></add>
        </operation>
    </file>
</modification>